"people/emsley.html","Hedley Emsley"
"people/filipe.html","Luís Filipe"
"people/fronterre.html","Claudio Fronterrè"
"people/giorgi.html","Emanuele Giorgi"
"people/hallsr.html","Steven Hall"
"people/killick.html","Rebecca Killick"
"people/knight.html","Jo Knight"
"people/markeyk.html","Keira Markey"
"people/moores.html","Sam Moore"
"people/read.html","Jonathan Read"
"people/rennie.html","Nicola Rennie"
"people/rowlings.html","Barry Rowlingson"
"people/ushakova.html","Anastasia Ushakova"
"people/gracie.html","Laura Gracie"
"people/clark.html","Freya Clark"
"people/ediriweera.html","Dileepa Ediriweera"
"people/eyre.html","Max Eyre"
"people/hadley.html","Lucinda Hadley"
"people/nicholls.html","Tom Nicholls"
"people/rychnovs.html","Jana Rychnovsky"
"people/sasanami.html","Misaki Sasanami"
"people/timpermj.html","Matt Timperley"
"people/appleton.html","Charlotte Appleton"
"people/bridgen.html","Jessica Bridgen"
"people/garner.html","Alex Garner"
"people/kamwezi.html","Richard Kamwezi"
"people/khaki.html","Jessie Khaki"
"people/krieger.html","Kristina Krieger"
"people/li.html","Rui Li"
"people/lowtherp.html","Hayley Lowther-Payne"
"people/ma.html","Yawen Ma"
"people/maskery.html","Mark Maskery"
"people/mountain.html","Rachael Mountain"
"people/reeda.html","Amber Reed"
"people/ruizcuenca.html","Pablo Ruiz Cuenca"
"people/ryanc.html","Cian Ryan"
"people/sonin.html","Nirali Soni"
"people/atkinson.html","Peter Atkinson"
"people/biggin.html","Fran Biggin"
"people/diggle.html","Peter Diggle"
"people/jewell.html","Chris Jewell"
"people/thomson.html","Madeleine Thomson"
